{"phones": ["a1", "a2", "a3", "a4", "a5", "ai1", "ai2", "ai3", "ai4", "ai5", "an1", "an2", "an3", "an4", "an5", "ang1", "ang2", "ang3", "ang4", "ang5", "ao1", "ao2", "ao3", "ao4", "ao5", "b", "c", "ch", "d", "e1", "e2", "e3", "e4", "e5", "ei1", "ei2", "ei3", "ei4", "ei5", "en1", "en2", "en3", "en4", "en5", "eng1", "eng2", "eng3", "eng4", "eng5", "er1", "er2", "er3", "er4", "er5", "f", "g", "h", "i1", "i2", "i3", "i4", "i5", "ia1", "ia2", "ia3", "ia4", "ia5", "ian1", "ian2", "ian3", "ian4", "ian5", "iang1", "iang2", "iang3", "iang4", "iang5", "iao1", "iao2", "iao3", "iao4", "iao5", "ie1", "ie2", "ie3", "ie4", "ie5", "ii1", "ii2", "ii3", "ii4", "ii5", "iii1", "iii2", "iii3", "iii4", "iii5", "in1", "in2", "in3", "in4", "in5", "ing1", "ing2", "ing3", "ing4", "ing5", "iong1", "iong2", "iong3", "iong4", "iong5", "iou1", "iou2", "iou3", "iou4", "iou5", "j", "k", "l", "m", "n", "o1", "o2", "o3", "o4", "o5", "ong1", "ong2", "ong3", "ong4", "ong5", "ou1", "ou2", "ou3", "ou4", "ou5", "p", "q", "r", "rr", "s", "sh", "t", "u1", "u2", "u3", "u4", "u5", "ua1", "ua2", "ua3", "ua4", "ua5", "uai1", "uai2", "uai3", "uai4", "uai5", "uan1", "uan2", "uan3", "uan4", "uan5", "uang1", "uang2", "uang3", "uang4", "uang5", "uei1", "uei2", "uei3", "uei4", "uei5", "uen1", "uen2", "uen3", "uen4", "uen5", "uo1", "uo2", "uo3", "uo4", "uo5", "v1", "v2", "v3", "v4", "v5", "van1", "van2", "van3", "van4", "van5", "ve1", "ve2", "ve3", "ve4", "ve5", "vn1", "vn2", "vn3", "vn4", "vn5", "w", "x", "y", "z", "zh"], "version": "2.0.0rc3", "architecture": "gmm-hmm", "train_date": "2022-03-09 11:12:40.132617", "training": {"audio_duration": 308225.0866666574, "num_speakers": 218, "num_utterances": 88035, "num_oovs": 2, "average_log_likelihood": -51.756390922732905}, "features": {"type": "mfcc", "use_energy": false, "frame_shift": 10, "snip_edges": true, "low_frequency": 20, "high_frequency": 7800, "sample_frequency": 16000, "allow_downsample": true, "allow_upsample": true, "pitch": false, "uses_cmvn": true, "uses_deltas": true, "uses_voiced": false, "uses_splices": false, "uses_speaker_adaptation": false}, "phone_set_type": "UNKNOWN"}